{"cameraMode":{"drawMode":0,"name":"Shaded","section":"Shading Mode"},"sceneLighting":true,"audioPlay":false,"sceneViewState":{"showFog":true,"showMaterialUpdate":false,"showSkybox":true,"showFlares":true,"showImageEffects":true,"showParticleSystems":true},"in2DMode":false,"pivot":{"x":-1.2269344329833985,"y":-2.8528542518615724,"z":-21.404329299926759},"rotation":{"x":-0.012365177273750306,"y":0.9874960780143738,"z":-0.11938171088695526,"w":-0.10227087885141373},"size":11.16002368927002,"orthographic":false}